hours,attendance,assignments,passed
6,77,5,1
6,73,4,0
6,68,5,1
6,76,5,1
5,72,5,1
6,71,8,1
10,79,8,1
7,53,5,1
6,95,3,1
5,89,6,0
4,55,3,0
2,77,3,0
6,66,8,0
5,67,4,1
8,82,6,1
6,81,6,1
5,84,2,0
8,63,10,1
4,67,4,0
8,74,8,1
6,82,6,1
5,91,5,1
7,80,9,1
8,76,10,1
0,100,2,0
6,61,5,1
10,69,6,1
5,62,6,1
6,71,4,0
7,92,10,1
5,80,8,1
3,55,4,0
8,92,5,1
5,33,5,0
6,72,2,0
4,74,2,0
2,98,3,0
4,75,4,0
6,73,7,1
10,74,10,1
7,82,6,1
9,63,5,1
2,77,4,0
7,58,5,1
6,92,8,1
9,59,6,1
5,68,9,1
3,92,2,0
6,61,6,0
8,100,10,1
1,75,4,0
2,100,5,0
6,63,7,1
5,80,1,0
4,94,5,1
4,70,4,0
7,68,8,1
9,78,8,1
10,89,10,1
9,57,9,1
0,55,1,0
5,70,5,1
4,83,3,0
6,79,3,0
9,62,7,1
4,77,7,1
4,72,6,1
10,90,6,1
8,88,8,1
4,89,5,1
6,79,7,1
6,74,5,0
10,84,9,1
4,80,5,1
4,51,5,0
5,82,6,1
4,61,3,0
8,73,9,1
5,42,7,0
7,61,9,1
5,85,6,1
7,53,5,0
8,86,9,1
7,87,7,1
6,69,7,1
1,84,2,0
7,89,9,1
6,91,6,1
7,76,4,1
6,70,10,1
5,83,6,0
3,59,7,0
5,91,7,1
3,54,6,0
4,94,7,1
6,53,9,1
4,65,7,1
5,65,5,0
6,89,6,1
10,48,9,1
5,50,8,0
6,61,10,1
4,68,5,0
7,79,8,1
4,62,4,0
0,66,0,0
3,56,3,0
6,82,7,1
6,47,8,0
3,92,5,0
7,75,10,1
8,96,8,1
8,100,8,1
9,79,6,1
4,61,5,0
2,60,3,0
7,85,9,1
3,75,6,0
7,93,3,1
8,83,9,1
6,60,4,0
10,65,9,1
4,72,8,1
7,93,9,1
8,52,10,1
5,83,3,0
5,69,7,1
6,67,5,0
4,87,5,1
7,92,6,1
10,73,10,1
8,95,10,1
2,81,1,0
3,77,5,0
4,65,2,0
2,61,3,0
3,89,2,0
4,79,7,1
8,84,10,1
5,50,3,0
6,96,4,1
8,67,4,1
6,35,5,0
6,99,8,1
5,67,7,1
7,92,7,1
8,100,7,1
7,87,6,1
6,91,8,1
4,94,7,0
8,73,8,1
8,72,9,1
2,68,0,0
7,54,7,1
7,87,8,1
2,87,2,0
9,100,7,1
7,79,9,1
6,75,4,1
5,70,6,1
4,89,3,0
5,62,7,1
3,85,8,0
3,81,5,0
10,61,6,1
5,61,8,1
7,86,6,1
6,87,6,1
4,66,1,0
2,56,4,0
4,77,3,1
6,91,5,1
1,83,0,0
8,54,6,1
4,73,8,1
6,59,4,0
6,66,2,0
2,87,5,0
8,81,7,1
7,95,10,1
6,60,7,1
6,100,5,1
10,84,10,1
5,73,6,1
5,80,7,1
8,86,10,1
4,62,6,1
7,97,4,1
8,69,7,1
2,55,4,0
5,48,0,0
1,56,3,0
6,100,7,1
6,77,6,0
5,66,5,0
2,52,4,0
5,94,5,1
1,46,6,0
8,85,8,1
3,79,3,0
6,54,7,1
2,84,2,0
5,59,3,1
6,89,8,1
5,72,9,1
4,87,4,0
7,95,7,1
8,95,4,1
4,81,5,1
9,41,6,1
5,74,10,1
6,95,8,1
2,83,2,0
4,64,5,0
7,76,7,1
4,56,6,0
6,86,4,1
4,86,8,1
7,75,8,1
7,72,7,1
5,76,6,1
5,78,1,0
3,61,5,0
6,82,10,1
8,83,5,1
4,100,4,1
4,68,2,0
9,80,10,1
2,47,5,0
9,84,6,1
3,66,2,0
5,53,6,0
6,45,6,1
3,82,5,1
8,66,8,1
4,65,4,0
5,75,7,1
5,53,4,0
6,88,7,1
6,69,6,1
10,91,6,1
10,53,8,1
7,65,7,1
1,62,1,0
6,34,5,0
4,81,3,1
5,73,6,0
7,33,7,0
10,79,10,1
5,68,5,1
7,79,6,1
5,65,4,0
4,63,8,0
7,88,3,1
6,83,8,1
5,96,7,1
5,62,3,1
5,63,6,0
4,60,5,1
9,60,9,1
9,81,9,1
7,66,4,0
5,73,3,0
9,69,10,1
7,60,5,0
4,47,9,1
1,85,2,0
5,97,6,1
7,87,10,1
4,62,3,0
5,43,8,0
7,61,7,1
6,96,6,1
7,67,4,1
5,92,8,1
5,100,3,0
5,68,5,0
6,70,5,0
10,67,8,1
4,86,4,0
6,100,6,1
3,73,4,0
5,100,5,1
6,81,7,1
2,73,4,0
7,82,7,1
7,52,9,1
9,76,7,1
5,87,6,1
10,49,10,1
7,64,8,1
10,72,9,1
4,71,4,0
6,67,9,1
3,69,2,0
6,77,4,1
8,39,9,1
3,33,4,0
3,89,4,0
4,73,8,0
3,75,6,1
7,44,5,0
4,46,6,0
5,65,0,0
2,89,4,0
2,61,6,0
6,89,4,1
4,93,5,1
6,54,7,0
5,66,3,0
5,65,7,1
5,97,8,1
2,90,1,0
0,59,7,0
1,100,3,0
8,64,5,1
10,85,10,1
7,94,8,1
4,58,5,0
3,71,7,0
9,84,10,1
2,74,2,0
5,89,3,1
1,64,3,0
7,73,8,1
5,72,4,1
8,78,9,1
4,85,3,0
3,61,6,0
7,70,8,1
4,74,3,0
2,79,3,0
1,62,2,0
2,55,2,0
1,76,0,0
8,64,6,1
8,66,7,1
7,91,9,1
5,79,7,0
4,88,8,1
2,85,5,0
7,69,9,1
9,73,8,1
5,43,4,0
6,79,5,1
1,72,2,0
4,61,8,0
6,61,8,1
5,73,3,1
6,92,7,1
5,80,3,0
4,78,7,1
5,64,4,0
3,75,3,0
3,56,5,0
8,84,6,1
3,76,6,0
8,78,7,1
4,79,5,0
7,59,7,1
7,80,4,1
8,58,10,1
4,76,5,0
4,79,4,0
6,86,9,1
9,94,9,1
7,72,9,1
1,100,2,0
9,90,10,1
5,100,6,1
8,90,8,1
9,86,7,1
9,77,9,1
7,69,5,1
3,83,4,0
5,77,5,0
4,66,7,0
2,70,0,0
3,74,6,0
5,64,5,0
5,67,6,0
5,71,7,1
5,77,7,1
6,72,4,0
8,91,5,1
4,64,7,0
4,54,5,0
3,90,4,0
9,53,4,0
5,75,3,0
2,70,3,0
9,76,6,1
7,71,6,1
3,72,2,0
5,93,5,1
3,67,10,1
9,64,10,1
6,52,10,1
4,100,7,1
8,56,7,1
0,82,0,0
7,66,9,1
5,81,5,1
9,75,7,1
4,78,4,0
10,90,7,1
7,73,6,1
4,75,0,0
5,88,8,1
2,76,3,0
5,80,6,1
3,77,6,0
2,78,2,0
5,54,3,0
7,65,6,1
6,57,6,1
5,73,9,1
5,84,6,1
6,73,7,0
5,54,2,0
8,44,6,1
10,90,10,1
6,76,7,1
6,95,6,1
0,45,2,0
5,72,3,1
8,48,6,1
3,64,4,0
6,60,5,1
4,84,6,0
5,100,4,1
4,75,5,0
3,98,4,0
5,100,7,1
6,95,9,1
7,71,4,1
5,62,8,1
5,74,5,1
5,60,4,0
3,75,4,0
7,84,9,1
8,72,7,1
2,79,6,0
10,63,8,1
3,67,6,0
5,68,4,0
9,75,10,1
5,100,9,1
3,100,6,1
5,78,6,1
3,87,6,0
4,92,6,0
5,68,7,0
7,46,7,0
7,63,4,0
9,70,6,1
3,92,4,0
4,69,8,1
0,92,2,0
5,61,5,0
6,59,6,0
2,60,1,0
6,64,7,1
7,83,7,1
4,69,2,0
9,50,8,1
6,92,9,1
0,46,2,0
6,84,4,1
5,73,4,0
5,72,6,0
4,47,1,0
10,77,9,1
6,84,3,1
3,88,4,0
5,81,7,1
6,68,10,1
4,52,8,0
5,76,3,0
3,70,4,0
3,79,5,0
3,86,4,0
4,75,3,0
3,68,3,0
7,100,7,1
5,94,6,1
8,68,5,1
6,92,5,0
5,67,5,0
6,80,4,1
7,88,10,1
6,61,6,1
3,73,8,0
3,94,5,1
6,71,6,0
4,65,5,0
6,75,2,0
6,69,2,1
8,85,6,1
6,72,7,1
2,61,1,0
8,87,9,1
5,81,9,1
7,67,9,1
7,65,8,1
6,47,8,1
4,82,3,0
6,62,4,1
6,66,10,1
5,79,6,0
4,94,8,1
7,92,3,1
10,81,8,1
5,77,6,1
2,75,0,0
3,70,5,0
2,52,6,0
4,39,8,0
6,76,9,1
7,66,8,1
7,67,5,1
5,57,4,0
10,100,9,1
4,81,4,0
4,89,6,1
7,100,8,1
6,75,9,1
8,56,10,1
6,74,9,1
5,66,8,0
1,66,2,0
8,100,6,1
8,60,7,1
2,70,6,0
4,69,7,0
5,70,4,0
7,80,6,1
5,100,8,1
8,44,8,1
7,60,6,1
4,98,2,1
6,71,9,1
5,74,5,0
4,80,5,0
8,91,8,1
6,77,6,1
5,100,4,0
4,50,2,0
5,74,3,1
0,51,3,0
6,95,4,0
10,100,10,1
8,75,8,1
6,79,6,1
5,67,4,0
3,68,6,0
2,75,3,0
5,82,10,1
1,81,2,0
10,71,9,1
6,63,8,1
5,57,9,0
6,62,3,1
7,63,8,1
3,48,7,0
4,84,7,1
8,79,10,1
2,58,3,0
6,78,8,1
3,52,7,0
8,61,10,1
8,80,8,1
5,95,6,0
6,91,10,1
3,80,3,0
7,69,7,1
3,71,3,0
1,94,3,0
3,100,4,0
4,74,6,0
7,53,6,0
8,88,10,1
3,78,2,0
8,63,7,1
3,64,7,0
3,67,7,0
5,75,2,0
6,94,7,1
10,78,8,1
10,96,10,1
4,89,4,0
4,68,5,1
2,80,4,0
6,51,6,0
3,89,3,0
6,87,4,1
2,78,8,0
4,64,8,1
4,65,7,0
5,78,7,1
4,59,2,0
4,100,3,1
9,72,8,1
4,58,4,0
6,75,6,1
6,94,5,1
4,71,5,0
5,64,8,1
3,82,7,1
2,88,0,0
9,73,9,1
5,65,6,1
7,70,6,0
3,83,6,1
5,75,5,0
4,73,3,0
6,67,7,1
5,59,5,0
5,92,4,1
9,56,9,1
3,80,5,0
4,98,4,1
8,67,10,1
9,80,5,1
8,94,9,1
3,42,2,0
7,39,6,0
9,61,8,1
6,88,4,1
9,79,10,1
5,87,7,1
3,85,3,1
4,39,3,0
4,76,3,0
6,74,6,1
7,60,4,1
6,50,8,0
2,78,1,0
5,71,8,0
4,73,5,1
3,87,2,0
4,51,4,0
8,79,8,1
8,65,9,1
6,53,6,1
7,77,6,1
9,94,7,1
5,66,4,0
5,70,10,1
2,59,3,0
10,57,8,1
3,64,10,0
7,69,8,1
9,80,6,1
7,86,9,1
5,69,8,1
2,54,8,0
4,82,7,1
3,69,8,0
2,94,3,0
6,60,6,1
4,50,6,1
5,73,7,0
4,97,5,0
8,46,8,1
5,72,5,0
4,75,6,0
7,81,7,1
5,100,2,1
7,75,6,1
6,61,8,0
5,60,5,1
4,89,0,0
7,88,7,1
7,72,10,1
6,71,5,1
4,58,1,0
2,85,2,0
9,66,8,1
4,89,5,0
9,98,10,1
9,81,7,1
5,65,8,1
9,77,10,1
8,91,10,1
5,74,2,0
3,100,6,0
2,78,6,0
7,53,9,1
5,48,5,0
8,91,6,1
6,71,10,1
5,82,8,1
8,78,6,1
9,75,6,1
8,93,10,1
5,70,5,0
8,46,9,1
4,82,4,0
1,72,4,0
2,49,4,0
5,81,4,0
5,83,8,1
5,49,4,0
4,40,3,0
6,68,6,1
9,75,8,1
8,70,10,1
5,84,3,0
9,86,4,1
5,79,6,1
4,79,6,1
3,100,5,0
6,89,7,1
4,91,6,0
8,69,8,1
7,52,8,1
4,88,6,1
3,94,0,0
6,72,9,1
6,100,8,1
9,50,3,1
5,97,5,1
9,88,7,1
6,71,6,1
4,68,6,0
6,83,7,1
7,77,7,1
2,63,2,0
6,75,4,0
6,42,5,0
7,96,9,1
5,71,8,1
6,85,3,0
8,85,10,1
5,69,3,0
4,83,7,0
7,75,5,1
7,79,7,1
4,100,3,0
7,78,8,0
6,93,7,1
4,59,5,1
6,58,10,1
4,96,5,0
5,83,5,0
5,69,1,1
7,86,7,1
6,54,6,1
3,52,2,0
7,88,6,1
7,57,8,1
4,61,1,0
9,76,8,1
8,54,9,1
7,67,4,0
4,76,4,0
4,97,4,0
4,83,8,1
6,98,5,1
5,94,0,0
2,79,5,0
9,76,10,1
2,83,4,0
8,54,8,1
6,83,6,1
8,70,8,1
3,81,1,0
2,72,2,0
4,57,7,1
4,85,2,0
9,87,5,1
6,58,2,0
6,48,6,1
7,82,9,1
7,53,6,1
8,76,6,1
8,45,7,1
8,97,6,1
7,94,4,1
4,77,6,1
3,81,7,1
4,87,8,1
7,74,4,1
6,80,7,1
8,54,5,0
9,100,8,1
9,91,10,1
9,57,10,1
6,75,7,0
7,90,8,1
5,57,7,0
6,39,4,0
4,97,6,0
3,90,7,0
3,67,5,0
4,98,6,1
5,44,4,0
4,89,6,0
2,80,0,0
5,59,4,0
3,97,5,0
4,60,4,0
4,40,4,0
2,80,3,0
5,43,5,0
6,72,4,1
7,48,9,1
4,66,2,0
6,68,7,1
7,64,6,1
9,100,10,1
5,87,4,1
6,66,8,1
1,81,4,0
7,38,6,0
8,95,5,1
6,52,7,0
4,74,4,1
2,75,4,0
6,74,5,1
7,59,8,1
6,59,8,0
6,30,5,0
7,77,4,0
3,61,2,0
1,55,1,0
4,100,5,1
6,72,5,1
8,96,10,1
5,59,8,1
3,64,3,0
6,56,5,1
9,66,7,1
3,100,2,0
4,80,8,1
7,50,8,1
5,90,7,1
6,80,6,1
9,78,7,1
5,98,5,1
8,75,5,1
2,53,3,0
4,74,8,1
3,97,6,1
2,92,3,0
9,87,9,1
8,73,7,1
4,57,5,0
5,61,2,0
8,64,10,1
7,63,9,1
4,50,1,0
4,92,7,0
5,75,5,1
8,79,7,1
3,65,2,1
5,62,3,0
3,82,2,0
4,69,5,0
5,74,4,0
7,100,9,1
6,46,7,0
4,100,2,0
5,75,3,1
5,57,3,0
6,75,6,0
5,63,7,0
5,84,8,1
4,81,1,1
1,71,2,0
2,91,2,0
3,71,6,0
7,61,10,0
7,100,6,1
7,66,10,1
7,69,10,1
6,57,7,0
7,84,5,1
9,79,8,1
5,56,4,0
1,69,3,0
4,84,3,0
4,71,3,0
3,94,4,1
4,83,7,1
4,49,7,0
8,67,5,1
8,67,6,1
7,89,6,1
6,61,5,0
10,70,10,1
8,100,9,1
3,67,4,0
5,63,10,1
1,64,2,0
7,61,8,1
7,71,7,1
8,88,9,1
6,49,3,0
6,44,5,0
5,54,6,1
10,94,10,1
8,84,8,1
7,45,9,0
6,78,3,0
10,92,10,1
8,65,8,1
7,67,8,1
2,88,4,0
5,81,10,1
4,71,0,0
7,89,5,1
3,65,3,0
8,82,8,1
1,98,2,0
2,98,1,0
7,77,8,1
6,55,10,1
10,72,6,1
9,86,9,1
6,96,8,1
6,79,4,0
9,67,10,1
3,65,7,0
5,50,10,0
10,64,9,1
7,53,9,0
5,82,7,1
8,66,9,1
6,58,9,1
3,93,3,0
3,100,7,1
8,72,8,1
9,68,8,1
3,56,1,0
7,59,4,0
3,92,4,1
3,66,0,0
4,90,3,0
7,95,6,1
3,61,4,0
6,86,8,1
8,69,3,0
7,66,7,1
6,78,5,0
4,80,2,0
4,60,9,0
4,59,4,1
5,90,6,1
5,66,7,1
7,67,7,1
10,61,10,1
4,87,6,1
9,54,6,1
8,84,9,1
5,52,6,0
6,73,8,1
7,62,3,0
4,77,5,0
9,69,8,1
7,86,8,1
7,84,8,1
5,100,3,1
9,54,8,1
6,81,5,1
5,77,8,1
3,82,4,0
5,70,9,1
4,52,8,1
7,73,5,0
3,69,6,1
7,60,7,1
7,95,5,1
6,74,7,1
5,84,9,1
8,68,8,1
5,79,9,1
2,71,3,0
1,78,3,0
7,95,4,1
2,51,2,0
6,63,8,0
5,69,5,0
9,66,6,1
5,98,6,1
4,64,3,0
8,80,7,1
9,86,10,1
8,48,8,1
7,89,10,1
2,84,6,0
7,76,9,1
4,68,3,0
1,72,3,0
6,66,7,0
6,82,9,1
6,92,5,1
5,93,2,1
2,81,3,0
5,84,5,1
5,49,6,0
6,56,4,0
9,65,9,1
4,83,5,1
9,49,8,1
7,100,5,1
9,85,9,1
3,66,6,1
5,86,5,1
9,87,6,1
1,73,3,0
4,47,6,0
6,59,6,1
5,92,6,1
7,64,7,1
5,74,7,1
7,66,6,0
6,63,6,1
6,71,5,0
4,60,2,0
3,49,4,0
5,62,4,0
8,82,4,1
5,96,5,1
9,83,8,1
5,61,5,1
4,74,10,1
4,99,8,1
8,58,8,1
6,48,7,1
9,58,10,1
1,57,6,0
2,82,5,0
4,88,7,1
5,85,4,1
7,78,10,1
6,62,9,1
8,75,7,1
7,67,5,0
3,52,4,0
8,74,4,1
3,62,1,0
6,97,3,1
4,59,3,0
7,94,10,1
3,77,3,0
6,69,5,1
7,87,5,1
1,86,1,0
5,69,7,0
2,68,3,0
5,76,8,1
4,69,6,0
6,75,3,1
6,56,4,1
6,78,2,1
5,80,4,0
5,84,7,1
3,59,3,0
9,57,7,1
6,76,8,1
6,55,7,0
2,73,0,0
5,72,4,0
7,83,5,1
4,72,3,0
6,51,3,1
6,78,5,1
4,51,6,0
2,89,5,1
10,87,10,1
4,72,0,0
7,55,6,0
4,52,3,0
3,50,4,0
3,86,7,0
6,75,8,1
4,72,8,0
5,40,4,0
3,78,0,0
7,78,9,1
3,64,5,0
6,73,5,1
5,44,5,1
5,60,7,1
3,84,2,0
2,100,7,1
8,60,9,1
7,99,6,1
4,100,4,0
9,95,10,1
8,73,6,1
6,76,10,1
4,69,8,0
3,50,3,0
5,65,3,0
3,62,5,0
4,87,7,0
6,59,10,1
5,49,5,1
7,87,9,1
3,64,2,0
7,60,8,1
6,76,5,0
9,66,10,1
5,74,9,1
4,89,2,1
7,93,6,1
5,77,3,0
4,59,5,0
2,100,6,1
6,100,4,1
5,93,8,1
2,52,3,0
7,72,6,1
7,85,4,1
0,63,3,0
5,73,0,0
7,69,7,0
6,65,6,1
3,52,6,0
7,74,6,1
4,93,4,0
5,56,6,0
6,53,5,0
5,89,6,1
6,100,3,1
2,82,4,0
6,73,5,0
9,99,7,1
5,89,7,1
5,60,5,0
3,57,7,0
7,79,5,1
6,77,8,1
5,58,5,1
7,52,10,1
5,99,4,1
7,85,6,1
6,67,5,1
4,79,7,0
4,38,2,0
7,71,9,1
3,67,7,1
5,86,3,0
6,88,5,0
10,68,10,1
5,46,3,1
3,62,3,0
2,82,6,0
7,69,6,1
5,76,6,0
6,78,4,1
6,86,6,1
4,91,4,0
6,75,5,0
7,86,10,1
5,54,6,0
5,58,4,0
3,69,6,0
4,60,3,0
8,94,6,1
5,81,6,1
6,99,5,1
8,74,6,1
6,65,5,1
2,61,5,0
7,91,8,1
2,93,8,0
4,60,5,0
4,59,6,0
2,82,3,0
8,57,4,1
7,78,7,1
1,72,0,0
7,49,7,1
4,83,6,1
7,65,10,1
5,64,7,1
7,61,6,1
3,90,2,0
10,77,10,1
8,97,10,1
4,89,8,1
7,42,5,1
9,48,6,1
2,63,1,0
8,86,7,1
5,79,5,0
4,59,4,0
7,88,9,1
3,90,4,1
8,71,6,1
7,62,8,0
4,77,5,1
2,86,2,0
8,96,5,1
4,80,4,0
3,87,4,0
4,54,2,0
8,87,5,1
1,88,2,0
4,86,5,1
4,77,4,1
6,76,2,1
10,75,10,1
6,86,7,1
0,89,0,0
2,71,6,0
7,64,6,0
1,100,5,0
6,96,3,1
0,64,0,0
3,80,1,0
4,71,7,1
3,78,6,0
8,68,7,1
3,90,5,0
1,68,5,0
4,72,4,0
4,71,8,1
8,66,10,1
8,87,7,1
9,88,5,1
4,57,7,0
5,87,9,1
8,82,10,1
10,98,10,1
2,53,6,0
9,76,9,1
8,79,6,1
7,93,5,1
2,79,1,0
2,69,5,0
1,51,4,0
6,83,4,1
10,79,7,1
5,93,6,1
4,73,7,0
5,84,4,0
3,96,3,0
4,58,3,0
7,71,5,0
6,90,5,1
5,97,7,1
6,65,8,1
7,100,10,1
8,77,5,1
2,73,7,0
9,80,9,1
7,84,7,1
4,61,4,0
6,100,10,1
9,54,9,1
8,61,7,1
4,100,6,1
1,70,4,0
5,51,6,0
7,82,5,1
6,68,5,0
6,64,4,1
3,78,5,0
1,67,8,0
7,55,7,0
4,70,2,0
9,70,10,1
5,86,4,1
6,84,8,1
7,90,6,1
6,81,5,0
0,68,4,0
5,86,3,1
4,84,1,0
6,55,3,0
3,72,5,0
2,85,3,0
3,88,5,1
6,79,9,1
8,56,5,0
5,37,6,0
7,78,4,1
5,50,6,0
9,58,7,1
3,81,8,1
8,91,7,1
5,69,2,0
7,84,6,1
9,59,10,1
8,80,9,1
2,88,3,0
8,86,6,1
7,65,5,1
8,63,6,1
3,58,3,0
1,78,4,0
3,48,3,0
8,61,9,1
3,55,5,0
10,84,8,1
1,49,2,0
4,84,8,0
5,55,10,1
5,88,5,0
4,98,2,0
5,79,2,1
3,77,4,0
4,77,3,0
5,97,2,1
3,65,0,0
2,73,3,0
9,89,5,1
9,92,9,1
3,45,2,0
5,78,4,0
9,73,7,1
2,72,1,0
3,84,2,1
3,80,6,0
4,30,7,0
7,56,8,1
7,55,8,1
8,98,10,1
3,88,6,0
10,51,8,1
4,76,1,0
5,55,8,1
8,59,6,1
8,50,7,1
5,72,8,1
2,74,3,0
3,78,7,0
3,57,6,0
5,82,4,0
5,50,9,1
6,55,4,0
5,78,9,1
8,93,2,1
8,49,10,1
6,66,5,0
5,95,4,1
8,92,8,1
4,65,8,1
8,71,7,1
3,84,4,0
6,69,9,1
6,57,9,1
8,65,10,1
4,84,4,0
3,90,5,1
1,79,2,0
4,75,5,1
6,93,6,1
7,81,8,1
7,77,9,1
7,45,8,1
4,51,7,0
5,57,5,0
9,96,7,1
1,62,6,0
3,85,4,1
10,80,8,1
6,81,8,1
6,55,8,1
7,46,5,1
6,100,5,0
9,53,5,1
10,58,10,1
4,45,8,0
3,62,6,0
5,73,8,0
2,84,5,0
5,93,8,0
6,91,4,1
10,59,9,1
7,30,10,1
3,56,6,0
4,89,0,1
5,73,8,1
6,80,9,1
4,62,8,0
5,71,6,1
4,50,4,0
7,72,5,1
1,68,0,0
3,76,5,0
4,56,1,0
8,87,6,1
3,93,8,0
5,78,8,1
3,99,6,0
4,88,5,1
4,56,8,1
4,46,3,0
9,73,6,1
6,63,9,1
3,74,10,1
4,70,3,0
6,56,7,1
8,68,9,1
5,81,3,0
6,98,4,1
4,68,0,0
5,100,7,0
3,75,0,0
3,59,5,0
3,89,5,0
4,78,9,1
5,71,1,1
4,88,0,0
6,74,3,1
7,64,7,0
4,61,6,0
6,75,1,0
9,71,5,1
6,68,8,1
4,91,6,1
8,51,7,1
6,53,6,0
3,66,6,0
6,80,7,0
3,100,3,0
3,63,5,0
5,70,8,1
7,58,8,1
7,84,4,1
4,96,3,1
4,67,6,0
4,91,9,1
8,79,9,1
9,85,10,1
10,81,10,1
2,64,2,0
7,56,9,1
9,72,5,1
9,83,9,1
6,95,5,1
6,100,2,1
6,82,5,1
2,70,9,0
9,90,6,1
6,85,7,1
10,83,10,1
5,97,5,0
4,77,0,0
9,63,10,1
5,47,3,0
10,77,8,1
7,84,10,1
9,64,9,1
5,91,6,0
5,55,5,0
3,55,7,0
5,62,10,1
9,72,10,1
5,69,6,0
4,81,5,0
7,90,7,1
6,84,9,1
5,77,4,0
9,100,9,1
4,76,2,0
2,55,1,0
1,81,0,0
7,72,8,1
6,76,6,1
6,72,5,0
5,51,5,1
10,90,9,1
5,63,5,0
9,80,8,1
7,71,4,0
3,69,4,0
5,75,4,0
4,59,9,1
4,82,5,1
7,59,6,1
2,82,0,0
3,76,5,1
7,73,7,1
4,78,5,1
4,85,0,0
7,94,5,1
5,60,10,1
6,74,4,0
9,68,9,1
4,80,3,0
1,100,5,1
6,46,4,0
7,58,5,0
3,89,1,0
5,90,4,1
10,91,8,1
10,69,7,1
4,83,1,0
4,67,2,0
4,84,5,1
7,43,10,0
2,38,4,0
2,58,6,0
10,56,10,1
8,43,8,1
2,67,5,0
6,86,5,1
3,83,6,0
4,65,6,0
5,61,9,0
5,82,7,0
3,100,5,1
9,68,10,1
4,70,5,0
5,49,7,1
8,72,6,1
8,56,6,1
7,71,5,1
4,80,8,0
5,52,10,0
7,63,3,0
3,96,5,0
9,82,10,1
1,67,1,0
5,95,6,1
5,54,5,0
5,50,1,0
1,54,6,0
6,59,8,1
4,58,7,0
7,93,7,1
4,50,6,0
4,72,5,1
1,80,2,0
3,57,5,0
0,59,3,0
1,78,0,0
6,48,8,1
7,83,8,1
9,89,9,1
3,74,1,0
5,68,6,0
4,98,4,0
9,81,5,1
9,74,8,1
8,91,3,1
3,68,7,0
10,75,8,1
1,68,2,0
4,99,3,0
7,44,8,1
4,89,1,0
4,74,5,0
7,57,7,0
2,87,1,0
3,77,7,0
6,84,5,0
5,91,8,1
6,53,4,0
7,91,7,1
4,57,4,0
4,96,5,1
8,71,5,1
5,96,4,1
9,92,10,1
3,47,6,0
4,76,6,0
10,67,9,1
7,66,4,1
6,68,7,0
4,76,6,1
5,76,5,0
6,92,7,0
1,99,4,0
5,73,7,1
6,89,9,1
3,86,5,1
5,42,7,1
8,47,8,1
5,88,4,1
10,94,7,1
6,65,7,0
6,67,10,1
10,91,10,1
6,82,8,1
3,73,7,1
5,63,4,0
8,40,8,1
8,52,9,1
3,100,3,1
6,72,3,0
4,61,2,0
8,72,4,1
2,63,4,0
7,88,4,1
2,57,4,0
6,37,10,1
4,51,3,0
5,72,6,1
2,100,2,0
8,81,6,1
7,81,6,1
4,62,4,1
3,83,7,1
8,56,8,1
6,80,10,1
2,69,6,0
5,93,7,1
5,60,6,1
2,65,4,0
3,96,4,1
4,82,8,0
0,92,0,0
6,42,4,0
7,79,10,1
5,85,4,0
5,75,6,1
4,54,5,1
8,93,8,1
3,53,2,0
10,59,7,1
5,58,5,0
6,74,3,0
6,97,7,1
5,88,10,1
4,78,5,0
9,55,7,1
7,77,4,1
3,92,6,0
1,75,8,0
4,57,6,1
10,95,10,1
4,91,7,1
5,70,4,1
3,80,2,0
4,73,5,0
4,66,5,0
3,60,4,0
1,79,0,0
5,88,7,1
2,47,3,0
9,61,9,1
3,94,3,0
0,71,0,0
4,86,6,1
5,37,4,0
7,92,2,1
4,48,0,0
6,85,10,1
5,77,8,0
4,72,6,0
6,97,8,1
7,70,6,1
1,61,4,0
7,74,4,0
4,85,8,1
5,88,2,0
3,74,4,0
5,80,2,0
6,41,3,0
3,58,6,0
4,56,3,0
6,79,5,0
6,65,7,1
2,71,4,0
3,85,4,0
0,47,3,0
6,64,4,0
4,83,3,1
5,73,5,1
4,47,9,0
9,74,10,1
6,57,5,1
7,82,8,1
6,73,6,1
3,79,9,1
7,61,4,1
6,50,9,0
10,52,10,1
8,67,8,1
5,97,4,1
6,69,5,0
10,51,9,1
1,47,2,0
6,69,4,1
4,73,6,0
9,71,8,1
5,90,5,0
6,40,5,0
1,65,5,0
4,65,0,0
6,59,5,0
6,69,4,0
6,77,7,1
5,86,6,1
3,79,4,0
4,73,2,0
6,71,1,0
5,50,6,1
3,98,4,1
7,74,8,1
4,100,5,0
3,74,8,0
7,62,4,0
0,69,3,0
7,72,4,1
8,88,7,1
7,59,3,0
4,95,8,1
6,100,2,0
6,93,5,1
5,76,5,1
5,65,2,0
2,67,2,0
8,65,7,1
6,65,6,0
9,84,8,1
2,49,2,0
2,77,0,0
6,90,4,1
4,86,3,0
0,78,5,0
6,63,5,0
6,49,8,0
7,91,10,1
8,99,2,1
3,66,4,0
9,55,10,1
7,83,3,1
7,68,7,1
3,86,5,0
5,71,4,0
10,69,9,1
4,66,6,0
6,78,7,1
10,53,10,1
6,88,5,1
0,63,2,0
7,80,7,1
2,65,5,0
4,66,4,0
8,60,5,1
6,79,8,1
6,88,8,1
5,100,1,1
6,71,8,0
3,91,0,0
3,65,1,0
10,65,10,1
4,99,2,0
5,71,6,0
6,51,9,0
7,54,8,1
5,70,3,0
5,80,5,1
5,89,5,0
1,81,5,0
7,65,6,0
2,100,4,1
4,63,5,0
8,89,5,1
2,55,5,0
6,78,6,1
4,99,4,1
8,78,4,1
1,84,0,0
6,90,2,0
7,45,6,0
7,60,5,1
4,55,5,1
6,70,3,0
7,95,9,1
6,52,8,1
5,61,6,0
3,80,4,0
1,66,4,0
6,67,7,0
8,96,6,1
5,58,3,0
6,50,6,1
9,56,10,1
4,90,1,0
5,83,5,1
4,79,2,0
4,88,7,0
6,66,3,0
5,58,6,1
5,65,6,0
10,82,10,1
0,84,4,0
6,53,8,1
7,85,10,1
6,86,4,0
4,80,0,0
4,55,4,0
5,81,2,0
5,80,3,1
4,43,4,0
10,75,9,1
5,65,9,1
5,50,5,0
7,62,5,1
5,57,8,0
7,65,7,0
4,67,5,0
5,53,10,0
8,89,8,1
7,54,4,0
7,92,5,1
8,77,10,1
3,69,5,0
4,96,8,1
8,62,9,1
5,66,1,0
4,80,6,1
5,86,8,1
3,60,5,0
6,49,9,1
4,98,7,0
5,45,5,0
4,61,8,1
4,52,2,0
6,67,3,0
6,87,8,1
2,70,4,0
4,81,10,1
10,69,8,1
4,55,7,1
6,98,8,1
6,84,10,1
0,74,4,0
6,68,6,0
6,71,7,1
4,68,8,1
6,83,10,1
5,62,4,1
5,87,7,0
5,65,9,0
8,59,8,1
6,90,10,1
7,89,2,1
4,43,5,1
5,94,7,1
4,71,6,0
8,78,10,1
3,72,0,0
6,83,4,0
3,78,3,0
6,91,7,1
4,70,6,1
8,70,5,1
2,60,6,0
5,74,6,0
6,56,6,1
7,100,3,1
8,67,7,1
5,81,9,0
5,69,4,0
2,65,2,0
4,64,9,0
8,92,7,1
8,77,7,1
6,80,3,1
5,67,6,1
5,67,8,1
7,72,5,0
5,70,7,1
3,85,7,1
5,47,4,0
8,64,7,1
4,58,6,0
5,94,4,1
0,82,3,0
4,63,1,0
8,72,10,1
6,83,2,0
6,94,8,1
7,63,6,1
6,88,6,1
5,69,10,1
4,57,2,0
5,78,5,1
1,82,3,0
4,77,8,1
7,88,5,1
6,82,4,0
3,70,3,0
4,79,5,1
3,76,2,1
3,96,4,0
4,100,8,1
3,93,2,0
3,91,5,0
5,48,6,0
3,73,5,0
2,81,4,0
5,76,10,1
5,71,5,0
5,89,5,1
2,77,9,0
10,95,9,1
5,72,3,0
6,90,8,1
5,62,9,0
7,53,8,1
7,50,6,0
5,86,7,1
3,82,3,0
5,77,6,0
9,64,7,1
7,71,2,1
6,77,10,1
3,100,1,0
7,89,7,1
7,66,6,1
7,97,6,1
1,57,3,0
6,60,9,1
4,73,6,1
5,35,6,0
5,61,7,1
8,89,7,1
6,93,1,1
3,87,3,0
6,74,10,1
4,38,3,0
7,75,5,0
7,80,8,1
3,62,0,0
9,78,10,1
4,78,6,0
6,87,5,1
7,74,7,1
3,88,8,1
4,39,2,0
8,83,6,1
3,83,2,1
4,37,4,0
5,64,7,0
10,76,10,1
2,96,1,0
7,90,5,1
9,90,9,1
3,67,6,1
6,51,9,1
8,92,3,1
5,63,5,1
5,89,4,1
3,51,7,0
5,100,10,1
10,92,8,1
4,73,4,0
9,73,10,1
2,100,4,0
3,63,8,0
2,62,3,0
7,64,10,1
5,48,3,0
5,64,10,1
2,72,4,0
5,47,5,0
5,56,6,1
6,70,7,0
5,59,6,0
9,92,6,1
2,69,2,0
6,90,6,1
10,76,7,1
10,73,9,1
1,63,10,0
9,79,7,1
9,71,10,1
9,81,8,1
4,86,6,0
5,47,8,0
3,84,1,0
4,80,3,1
6,57,7,1
5,72,7,1
0,60,0,0
2,61,4,0
6,72,8,1
3,46,8,0
5,88,3,1
8,74,9,1
2,93,7,1
7,76,6,1
6,62,5,0
6,72,3,1
6,89,5,1
4,84,8,1
9,75,9,1
5,76,7,0
5,58,0,0
2,83,6,0
10,60,9,1
3,51,2,0
9,80,7,1
5,40,7,0
6,74,8,1
8,35,9,1
5,83,9,1
0,73,3,0
4,78,3,1
7,94,6,1
5,41,5,0
10,62,10,1
2,95,7,1
4,55,5,0
4,79,4,1
7,42,7,1
7,78,4,0
3,65,2,0
8,65,6,1
5,97,3,0
9,62,5,1
3,67,3,0
3,92,0,0
5,79,4,0
8,63,8,1
4,79,3,0
1,58,5,0
9,99,10,1
7,74,5,1
5,79,5,1
7,39,6,1
2,71,2,0
8,90,7,1
6,75,2,1
4,62,6,0
7,57,4,1
8,62,8,1
6,75,7,1
4,60,8,1
5,75,6,0
4,62,7,1
6,58,7,0
6,81,4,1
1,68,3,0
4,95,4,1
6,87,4,0
9,74,5,1
5,91,6,1
2,70,2,0
4,71,7,0
5,86,5,0
10,60,8,1
8,55,9,1
9,97,5,1
3,66,3,0
5,90,5,1
4,70,9,1
4,78,8,1
5,84,4,1
5,59,5,1
3,88,1,1
8,97,9,1
6,98,7,1
10,55,6,1
3,55,6,0
6,60,5,0
2,73,6,0
6,66,3,1
4,96,7,1
4,96,0,0
5,93,4,1
4,69,6,1
1,100,1,0
1,85,4,0
8,59,4,1
9,54,10,1
8,40,5,0
10,55,9,1
5,88,5,1
0,84,0,0
10,54,8,1
7,52,4,0
5,50,7,1
7,99,8,1
1,46,1,0
7,83,3,0
7,63,5,0
3,47,4,0
9,91,8,1
7,74,9,1
5,85,7,1
8,37,8,1
4,85,5,1
2,76,1,0
7,68,6,1
4,53,6,0
7,56,6,1
7,79,4,1
5,97,4,0
7,76,5,1
6,39,9,0
7,88,8,1
7,56,7,1
9,87,8,1
4,77,4,0
4,93,0,0
7,92,8,1
9,55,8,1
9,69,6,1
6,67,4,0
2,68,7,1
9,71,9,1
6,65,4,1
7,78,8,1
6,87,7,1
3,60,6,0
8,60,10,1
8,76,8,1
2,49,3,0
8,95,9,1
4,83,9,1
6,83,5,1
5,80,5,0
7,73,9,1
9,75,5,1
6,52,5,0
9,93,7,1
8,71,9,1
5,68,6,1
6,80,3,0
3,67,5,1
5,83,6,1
8,51,5,1
4,52,4,0
1,47,5,0
4,73,7,1
5,40,6,0
5,58,4,1
7,94,9,1
3,71,0,0
8,84,2,1
4,54,3,0
8,83,10,1
5,81,1,0
5,87,4,0
4,80,7,1
3,76,3,0
4,42,7,0
7,65,3,0
5,59,7,0
7,67,7,0
7,97,5,1
5,58,7,0
10,78,9,1
4,59,7,0
5,74,6,1
8,60,6,1
7,55,6,1
6,72,6,1
7,38,3,0
6,64,6,1
1,73,0,0
4,65,1,0
7,99,10,1
8,77,9,1
5,60,8,1
2,56,3,0
5,91,4,1
6,57,4,0
4,85,4,0
6,74,4,1
6,66,7,1
5,75,7,0
3,45,6,0
0,84,2,0
3,77,2,0
8,44,5,0
3,92,3,0
2,93,3,0
7,100,4,1
4,65,4,1
4,54,6,0
5,70,2,1
0,77,0,0
2,67,0,0
6,80,8,1
6,50,5,0
6,84,7,1
5,52,8,0
9,61,10,1
3,63,4,0
4,98,3,0
4,74,7,1
8,55,8,1
3,66,5,0
6,66,2,1
3,87,5,0
7,60,2,0
8,89,9,1
9,70,8,1
5,85,1,0
0,67,1,0
4,98,1,0
3,70,6,0
3,72,4,0
3,78,4,0
1,77,3,0
5,80,9,1
7,70,9,1
9,83,10,1
8,81,8,1
4,67,9,1
10,64,10,1
5,87,3,1
2,64,4,0
4,78,7,0
9,84,7,1
2,30,6,0
7,79,3,0
6,65,9,0
9,94,6,1
10,85,5,1
2,70,5,0
3,70,2,0
7,61,10,1
5,63,8,0
4,68,7,0
3,83,7,0
9,90,8,1
7,59,9,1
8,75,10,1
4,63,3,0
1,57,0,0
6,78,9,1
9,81,10,1
7,69,4,0
6,78,7,0
5,68,7,1
7,58,10,1
7,52,7,1
5,81,5,0
7,85,7,1
10,78,5,1
3,83,3,0
4,50,0,0
9,83,6,1
7,72,3,0
8,76,7,1
5,98,4,1
10,97,10,1
7,49,5,0
4,49,5,0
8,86,8,1
4,78,4,1
6,62,7,1
9,85,7,1
2,71,7,1
7,43,9,0
9,77,8,1
5,77,4,1
5,67,5,1
5,58,6,0
6,58,8,1
5,85,6,0
5,73,5,0
5,58,8,1
1,63,3,0
4,63,0,0
3,57,0,0
6,66,6,0
5,77,9,1
4,58,2,0
8,65,5,1
3,32,4,0
8,69,9,1
1,44,5,0
6,59,7,1
4,69,4,0
4,94,4,0
2,59,0,0
3,78,4,1
5,63,8,1
7,56,3,0
8,64,8,1
6,73,9,1
4,83,5,0
4,94,6,1
4,75,3,1
7,64,3,0
3,85,5,1
8,43,6,1
6,55,9,1
8,51,10,1
2,77,5,0
7,72,7,0
4,34,7,0
2,96,3,0
8,99,8,1
5,52,4,0
9,82,7,1
9,83,4,1
3,85,2,0
3,64,6,0
4,85,6,0
3,53,4,0
2,56,0,0
6,70,8,1
2,76,2,0
7,58,6,0
5,71,3,0
8,69,5,1
5,59,6,1
8,77,4,1
5,69,8,0
5,98,7,1
7,73,4,1
3,90,1,0
10,55,8,1
6,50,7,1
7,62,7,1
3,97,4,0
9,53,9,1
7,49,10,1
5,82,5,0
2,92,6,0
3,94,4,0
6,76,2,0
5,77,5,1
5,57,4,1
4,65,3,0
6,75,3,0
8,54,7,0
8,50,3,1
10,70,9,1
6,94,10,1
6,60,10,1
4,69,3,1
7,90,3,1
1,83,5,0
2,77,1,0
0,75,5,0
7,96,6,1
7,93,10,1
8,55,10,1
3,53,0,0
5,64,4,1
5,85,5,0
8,67,9,1
7,89,8,1
3,78,6,1
9,86,8,1
7,99,5,1
9,72,7,1
8,63,3,1
3,82,6,0
4,71,8,0
2,63,3,0
1,66,3,0
10,82,6,1
6,48,6,0
5,99,6,1
4,87,5,0
8,57,9,1
6,93,3,1
8,83,8,1
8,61,8,1
5,76,4,0
3,68,1,0
6,67,6,0
3,94,7,0
5,40,6,1
8,49,7,1
6,79,4,1
3,44,4,0
6,99,10,1
10,62,9,1
5,53,5,0
2,34,6,0
4,88,2,0
0,30,2,0
3,86,1,0
4,71,2,0
2,100,0,0
4,49,3,0
7,54,9,1
5,89,2,0
10,62,4,1
8,47,6,1
4,64,7,1
8,76,9,1
5,99,8,1
9,87,7,1
8,91,9,1
5,92,5,0
5,84,7,0
10,85,9,1
6,54,2,0
7,92,9,1
3,83,2,0
1,90,4,0
8,43,10,1
6,70,4,1
5,40,3,0
3,91,2,0
9,82,8,1
9,82,9,1
4,97,8,1
4,90,6,1
9,87,10,1
9,88,10,1
4,46,5,0
5,85,2,0
2,64,5,0
6,48,9,1
6,85,8,1
1,84,6,0
6,39,7,0
5,35,7,0
3,54,4,0
5,54,8,1
7,48,5,0
10,47,10,1
8,72,10,0
6,82,4,1
4,83,6,0
7,68,9,1
10,58,8,1
7,99,3,1
3,70,6,1
7,98,7,1
8,71,10,1
0,93,2,0
6,65,9,1
4,90,5,0
5,89,8,1
4,79,1,0
6,86,2,0
0,91,3,0
6,85,6,1
6,54,3,1
7,91,6,1
6,44,10,0
3,48,4,0
8,73,10,1
4,56,2,0
0,100,0,0
2,44,4,0
4,78,6,1
7,68,1,0
6,62,6,1
4,85,6,1
9,64,8,1
4,50,5,0
3,52,3,0
6,73,3,0
10,62,8,1
6,69,3,1
6,83,5,0
5,68,0,0
4,74,4,0
7,63,5,1
4,96,4,0
7,38,8,1
3,67,0,0
2,88,1,0
2,69,7,0
6,60,3,0
6,81,3,1
5,72,7,0
7,77,10,1
6,91,9,1
8,46,10,1
9,45,4,1
3,71,4,0
1,45,1,0
7,59,5,1
4,91,5,1
4,46,7,0
9,70,9,1
7,82,4,0
7,81,10,1
8,45,9,1
7,50,5,0
4,66,7,1
7,70,7,1
4,52,5,0
0,89,2,0
7,85,8,1
0,83,5,0
6,77,9,1
4,91,8,0
8,73,5,1
5,97,7,0
5,95,8,1
10,92,5,1
4,88,5,0
10,60,10,1
10,67,7,1
9,38,9,1
6,100,9,1
6,66,4,0
5,46,6,1
9,59,8,1
5,62,5,0
3,69,3,0
5,58,9,1
8,93,5,1
5,42,9,0
7,83,10,1
0,90,2,0
5,70,7,0
4,74,9,1
3,81,3,0
6,46,7,1
2,39,0,0
7,50,9,1
2,100,8,0
0,49,4,0
4,72,2,0
6,43,5,0
6,79,10,1
4,57,3,0
0,73,4,0
1,69,1,0
4,87,3,0
7,51,10,1
1,86,2,0
2,89,3,0
7,55,3,0
5,84,5,0
3,72,1,0
1,79,3,0
6,91,3,0
2,67,3,0
10,86,10,1
3,58,7,0
7,62,6,0
8,66,3,1
3,65,4,1
5,45,6,0
5,80,4,1
4,48,7,0
6,68,9,1
5,87,9,0
1,66,8,0
8,99,6,1
6,100,1,1
5,83,4,1
5,74,8,1
10,81,4,1
1,87,1,0
4,92,6,1
6,80,5,1
5,82,5,1
2,93,4,0
8,61,6,0
7,93,8,1
8,58,7,1
0,89,3,0
5,52,5,0
7,81,9,1
8,95,7,1
7,70,10,1
8,97,8,1
6,63,10,1
6,64,10,0
0,59,2,0
5,98,2,1
7,54,10,1
6,76,3,0
9,71,6,1
3,91,1,0
5,51,10,1
5,92,7,1
6,78,3,1
4,91,5,0
9,58,9,1
8,75,4,0
8,93,9,1
6,94,3,1
1,64,0,0
4,53,4,0
7,85,2,1
4,94,4,1
4,74,1,0
7,56,4,1
5,51,8,0
2,88,6,0
4,84,2,0
5,53,7,0
2,69,3,0
7,71,8,1
5,79,8,1
4,67,1,0
3,60,3,0
8,100,4,1
10,63,10,1
8,59,10,1
1,66,5,0
6,90,7,0
2,64,0,0
2,87,7,1
9,74,9,1
6,99,7,1
1,76,4,0
0,96,1,0
6,47,4,0
7,90,9,1
5,75,8,1
5,94,10,1
6,38,8,0
7,59,10,1
1,58,4,0
4,91,2,0
6,69,8,1
0,70,6,0
5,55,4,1
3,82,0,0
6,61,4,1
3,81,8,0
4,64,4,0
6,65,8,0
1,50,2,0
1,84,4,0
6,63,6,0
4,49,2,0
1,87,2,0
5,63,7,1
1,100,6,1
5,71,4,1
5,48,7,0
5,89,3,0
8,69,10,1
7,45,7,1
7,83,6,1
2,45,8,0
5,86,7,0
4,95,7,1
5,52,6,1
9,41,5,1
8,49,6,0
6,78,10,1
0,71,4,0
7,68,4,0
3,72,5,1
1,54,4,0
5,69,6,1
6,82,3,0
7,96,10,1
5,88,6,1
8,83,7,1
5,90,2,1
7,95,8,1
10,93,6,1
7,66,5,1
2,59,5,0
6,70,5,1
6,57,10,0
8,53,9,1
8,99,9,1
4,89,2,0
5,45,4,0
10,86,6,1
5,84,10,1
7,52,3,0
5,68,8,1
4,76,4,1
5,94,7,0
4,88,1,0
2,42,3,0
7,72,2,0
8,64,5,0
3,81,2,0
5,75,0,0
6,67,6,1
5,79,2,0
2,69,9,0
5,81,4,1
9,65,10,1
0,38,1,0
2,41,1,0
4,99,7,1
2,84,3,0
1,67,4,0
7,98,6,1
5,64,6,0
4,80,1,0
7,76,8,1
5,83,7,1
8,85,7,1
6,58,6,1
6,70,6,1
8,38,7,1
7,48,4,0
5,54,8,0
3,70,5,1
3,70,1,0
8,49,5,1
1,78,1,0
5,75,1,0
8,85,4,1
8,57,6,1
6,66,6,1
8,65,5,0
10,70,8,1
10,76,9,1
7,43,9,1
10,54,10,1
0,100,3,0
5,87,3,0
1,64,4,0
2,100,1,0
3,90,6,0
6,96,10,1
1,77,7,0
7,89,4,1
2,67,6,0
8,47,6,0
6,52,9,1
2,91,4,1
8,77,8,1
1,52,4,0
3,79,8,1
8,70,7,1
6,66,5,1
9,91,7,1
4,88,10,1
6,68,3,1
5,60,6,0
10,57,10,1
7,70,4,1
2,72,0,0
8,89,10,1
5,62,7,0
8,95,8,1
7,68,3,1
2,95,4,0
4,44,4,0
1,89,3,0
5,91,3,1
5,63,6,1
5,84,3,1
5,75,9,1
10,100,6,1
4,82,2,0
4,82,5,0
6,55,7,1
4,40,6,0
7,60,6,0
9,60,10,1
2,63,0,0
4,94,5,0
6,83,9,1
4,88,3,0
7,96,8,1
2,50,6,0
3,76,2,0
8,66,6,1
8,41,7,0
8,39,6,0
6,48,10,1
4,70,5,1
3,68,2,0
4,76,7,1
5,53,6,1
5,79,0,0
6,76,8,0
4,75,7,1
5,90,7,0
6,99,3,1
4,78,3,0
0,72,0,0
7,96,4,1
6,68,4,0
6,35,6,0
5,61,6,1
10,68,9,1
8,82,1,1
4,74,6,1
5,78,2,1
5,44,5,0
3,90,6,1
5,66,4,1
2,93,5,0
3,71,9,0
6,62,8,1
4,81,7,0
3,46,3,0
5,91,5,0
7,54,6,1
9,100,6,1
9,56,7,1
7,51,6,0
3,74,3,0
6,64,10,1
8,58,6,1
5,78,8,0
9,44,9,1
6,41,8,1
3,51,3,0
0,56,0,0
4,45,3,0
7,58,7,1
4,95,5,1
1,81,1,0
8,68,10,1
6,70,6,0
10,75,6,1
2,86,7,1
6,66,4,1
6,75,5,1
4,99,5,1
9,67,7,1
2,53,4,0
7,56,6,0
2,57,6,0
2,58,2,0
1,54,2,0
7,46,10,1
3,100,0,0
7,51,8,1
7,80,5,1
7,74,10,1
2,40,5,0
2,80,5,0
7,64,9,1
8,96,7,1
2,71,1,0
7,59,4,1
5,88,3,0
6,62,10,1
10,72,7,1
1,88,3,0
7,65,3,1
3,78,5,1
3,99,3,0
4,74,2,1
3,81,4,0
4,41,6,0
7,75,4,1
3,57,2,0
4,77,8,0
2,83,8,1
6,77,5,0
8,87,10,1
6,68,4,1
10,91,9,1
6,42,7,0
5,77,3,1
10,56,9,1
0,60,2,0
7,98,8,1
2,81,0,0
6,99,6,1
5,61,8,0
2,63,9,0
4,73,9,1
6,53,10,1
2,75,6,0
10,71,10,1
6,93,8,1
8,92,9,1
6,71,3,1
4,96,6,1
8,47,5,0
1,50,4,0
6,84,5,1
6,69,6,0
7,75,7,1
7,68,9,0
4,60,8,0
9,95,9,1
6,89,2,0
8,55,5,0
10,71,8,1
6,56,10,0
3,86,9,1
3,48,6,0
5,78,7,0
9,62,8,1
10,63,9,1
7,90,4,1
9,91,9,1
8,90,6,1
5,83,2,0
9,68,6,1
4,97,4,1
9,72,6,1
8,56,3,1
6,56,6,0
5,74,3,0
5,48,9,0
5,85,8,1
6,98,6,1
1,80,4,0
3,88,4,1
3,98,5,1
10,65,7,1
6,55,6,0
3,79,4,1
1,77,5,0
2,79,2,0
5,81,6,0
3,39,5,0
7,53,7,1
10,80,10,1
8,85,5,1
1,61,3,0
8,94,7,1
0,80,6,0
3,59,4,0
3,47,2,0
3,53,7,0
10,51,10,1
5,91,1,1
1,75,1,0
6,79,3,1
6,85,4,1
5,78,5,0
7,64,5,0
6,50,4,0
6,69,3,0
3,97,4,1
6,51,10,0
1,46,5,0
8,62,5,1
8,99,10,1
5,78,3,0
0,64,1,0
4,43,0,0
8,72,5,1
8,72,3,1
6,41,9,0
0,70,7,0
0,41,10,0
0,67,6,0
4,90,0,0
3,97,9,1
5,31,6,0
10,95,6,1
10,83,5,1
10,53,1,1
10,63,2,1
8,80,1,1
6,73,0,0
8,94,0,1
7,52,2,1
0,31,2,0
0,62,5,0
6,83,0,0
1,95,5,0
1,85,0,0
6,39,8,1
6,33,5,0
7,34,8,0
5,33,10,0
2,83,1,0
10,48,5,1
1,37,8,0
4,48,10,1
2,98,5,0
6,85,0,1
7,32,5,0
10,87,4,1
0,50,8,0
2,73,8,0
5,41,4,0
8,40,3,0
0,54,4,0
1,70,1,0
2,91,7,0
0,62,9,0
10,30,9,1
1,36,5,0
6,37,6,0
6,77,1,1
1,63,8,0
0,79,4,0
9,71,3,1
4,86,9,1
9,65,5,1
2,45,0,0
8,35,7,1
2,71,5,0
3,34,7,0
9,66,9,1
0,71,6,0
1,62,4,0
0,31,7,0
3,35,4,0
8,54,4,1
7,58,4,1
1,86,9,0
4,54,8,1
1,80,6,0
7,44,0,0
10,85,8,1
7,47,3,1
3,34,3,0
0,82,10,0
0,35,3,0
6,67,2,0
8,33,5,1
3,95,10,1
1,93,0,0
7,43,2,0
0,86,8,0
5,57,6,1
1,95,1,0
5,40,10,0
2,90,2,0
0,50,1,0
1,48,3,0
3,81,0,0
1,89,1,0
0,75,7,0
6,73,10,1
10,31,4,1
0,37,8,0
2,30,9,0
10,99,4,1
10,46,6,1
9,67,5,1
0,74,8,0
10,67,1,1
1,98,3,0
10,39,3,0
2,79,0,0
0,50,3,0
1,47,9,0
1,39,5,0
4,82,1,0
8,100,1,1
3,30,1,0
9,42,7,1
5,53,2,0
6,56,3,1
6,46,1,0
4,83,2,0
6,69,1,1
9,36,10,1
5,32,10,0
4,55,6,0
0,84,1,0
2,51,10,0
3,38,7,0
3,81,9,1
1,57,1,0
8,69,0,0
0,49,10,0
0,82,7,0
10,81,6,1
1,41,0,0
9,68,5,1
2,98,8,1
8,41,0,0
9,48,8,1
10,42,7,1
0,77,4,0
4,98,9,1
10,73,3,1
5,36,9,0
5,83,10,1
1,39,3,0
2,94,10,1
7,97,3,1
4,73,10,1
3,43,0,0
2,48,10,0
10,81,2,1
2,92,8,1
7,49,4,0
7,58,1,0
0,84,6,0
0,44,0,0
3,100,10,1
7,73,10,1
2,46,10,0
10,31,5,1
1,74,3,0
1,46,8,0
3,53,5,0
6,92,1,0
1,55,4,0
1,77,2,0
1,84,10,0
0,83,0,0
5,38,5,0
1,33,7,0
5,34,3,0
5,66,2,0
7,76,3,1
3,72,3,0
8,58,4,1
2,55,7,0
5,90,10,1
1,80,7,0
9,97,2,1
0,50,6,0
3,67,2,0
3,83,1,0
8,38,5,0
10,47,2,1
9,46,2,1
9,59,9,1
4,54,9,0
7,33,2,0
0,42,3,0
3,40,2,0
6,52,1,0
8,36,9,1
10,43,6,1
7,46,9,1
6,32,9,0
6,85,9,1
9,48,3,0
10,86,8,1
10,55,2,1
3,93,1,0
10,52,0,1
10,81,3,1
3,85,1,0
4,68,4,0
0,41,6,0
7,39,2,0
8,69,1,1
10,33,2,0
4,44,7,0
5,77,1,0
9,97,1,1
10,74,5,1
7,79,2,0
2,72,3,0
2,100,3,0
6,30,3,0
3,59,2,0
5,86,9,1
0,89,5,0
10,36,3,0
7,53,10,1
2,60,8,0
10,65,6,1
0,78,9,0
10,71,2,1
7,35,0,0
7,84,3,0
7,35,9,1
3,32,1,0
8,93,4,1
9,57,3,0
10,96,3,1
4,47,8,0
2,39,5,0
5,43,9,0
0,32,5,0
9,35,10,1
5,43,2,0
7,69,3,1
9,76,2,1
8,38,10,1
10,85,0,1
6,93,10,1
5,33,3,0
2,46,4,0
2,95,6,0
10,59,10,1
0,93,5,0
10,80,6,1
1,98,4,0
3,75,8,1
9,34,2,1
10,73,7,1
1,32,7,0
0,81,1,0
10,54,4,1
3,86,0,0
8,57,7,1
2,51,7,0
9,60,1,1
7,38,10,1
10,39,2,1
9,98,3,1
3,51,1,0
4,69,1,0
5,44,3,0
4,31,1,0
4,40,10,0
10,96,6,1
5,89,9,1
6,92,0,0
0,43,1,0
8,31,8,1
3,74,2,0
9,50,9,1
10,68,4,1
7,32,1,0
8,39,4,0
10,89,5,1
7,47,9,1
10,66,2,1
1,41,7,0
5,98,8,1
4,100,9,1
0,97,1,0
2,47,7,0
2,89,1,0
4,47,3,0
9,66,5,1
10,85,4,1
9,36,8,1
6,34,4,0
10,99,3,1
3,57,10,0
10,68,2,1
7,50,0,0
9,30,3,0
2,67,4,0
0,60,7,0
0,76,4,0
2,84,10,1
9,38,3,1
2,32,8,0
2,52,8,0
8,96,0,1
1,61,7,0
10,97,8,1
0,62,3,0
9,32,8,1
7,32,6,1
7,66,2,1
1,56,5,0
0,56,4,0
10,82,0,1
1,100,9,0
1,54,3,0
8,97,3,1
10,53,9,1
4,63,6,0
0,71,10,0
10,74,9,1
2,53,1,0
10,41,5,1
0,30,6,0
9,42,3,0
5,64,9,0
8,51,8,1
8,35,4,0
6,33,10,0
0,75,1,0
1,99,3,0
0,46,4,0
4,53,8,0
3,32,2,0
6,93,0,1
10,76,5,1
0,44,10,0
9,52,5,1
10,61,7,1
8,58,5,1
9,74,6,1
7,92,0,1
10,42,6,1
1,65,4,0
10,57,5,1
3,37,3,0
2,35,10,0
8,50,1,0
0,98,3,0
6,74,2,0
8,45,4,1
1,98,1,0
2,86,8,0
0,36,3,0
2,32,6,0
3,56,8,0
1,67,9,0
7,99,7,1
7,60,1,0
1,37,6,0
7,39,8,0
0,53,6,0
9,90,5,1
3,55,1,0
6,34,7,0
7,72,0,0
0,69,1,0
4,47,10,1
5,96,3,1
6,93,4,1
8,40,4,1
2,78,4,0
10,36,1,0
9,89,0,1
3,46,6,0
10,38,5,1
4,36,0,0
8,54,2,0
9,89,4,1
0,55,10,0
2,51,9,0
4,76,8,0
5,32,2,0
7,35,2,0
1,46,3,0
7,50,1,0
3,98,8,0
9,96,2,1
1,80,10,0
2,34,1,0
5,60,1,0
5,34,0,0
10,94,4,1
10,91,4,1
7,98,5,1
0,70,5,0
2,33,6,0
2,86,0,0
10,88,10,1
2,83,10,1
9,33,2,1
7,65,1,0
9,43,4,1
2,98,4,0
0,90,4,0
8,75,2,1
0,35,9,0
1,97,9,1
4,50,10,0
3,62,7,0
5,32,0,0
5,92,10,1
7,57,10,1
4,52,1,0
4,65,9,1
1,47,7,0
9,81,1,1
6,39,1,0
7,67,3,0
7,94,7,1
4,34,0,0
3,98,1,0
8,36,3,0
10,41,7,1
1,45,5,0
2,39,1,0
0,73,2,0
4,44,3,0
4,93,1,0
7,85,3,1
9,59,4,1
10,35,6,1
6,49,6,0
5,72,0,0
6,95,2,0
6,35,2,0
2,91,5,0
9,45,10,1
3,36,9,0
3,59,6,0
7,31,9,1
5,47,10,1
8,36,5,0
5,30,6,0
4,48,2,0
1,84,7,0
8,100,5,1
3,59,10,1
10,31,10,1
5,33,2,0
10,48,3,1
1,31,5,0
1,37,7,0
9,31,1,0
10,80,2,1
6,64,9,1
8,76,0,0
8,66,0,1
10,47,5,1
6,58,4,0
9,47,3,1
9,96,9,1
8,34,9,1
10,92,0,1
1,65,7,0
2,62,5,0
10,50,9,1
0,89,1,0
0,69,8,0
3,53,8,0
2,58,7,0
10,46,3,1
9,72,3,1
1,95,10,0
0,57,7,0
1,67,0,0
3,99,10,1
6,43,0,0
8,95,0,1
6,53,3,0
2,82,9,0
5,39,1,0
7,42,3,1
5,51,2,0
1,66,7,0
6,97,0,0
2,48,8,0
1,89,0,0
0,63,1,0
2,49,9,0
2,96,9,1
3,47,3,0
10,60,6,1
4,47,0,0
1,39,0,0
2,94,1,0
9,93,3,1
6,37,0,0
2,50,2,0
8,70,3,1
2,86,6,0
0,42,8,0
8,99,3,1
4,48,6,0
0,57,4,0
10,100,7,1
0,34,9,0
0,43,6,0
5,40,9,0
1,48,5,0
0,66,3,0
0,88,7,0
1,48,6,0
9,49,10,1
5,41,8,1
10,82,4,1
6,53,2,0
6,51,8,0
10,55,0,0
5,55,0,0
6,76,4,0
8,98,4,1
3,49,9,0
0,34,2,0
10,69,1,1
3,100,8,1
5,87,1,1
4,95,10,1
1,35,10,0
3,93,0,0
5,33,4,0
2,41,6,0
2,87,4,0
0,68,7,0
9,39,0,0
10,43,0,1
3,76,1,0
1,45,7,0
8,50,2,0
6,32,8,0
3,40,4,0
0,44,2,0
8,67,0,1
2,95,8,1
3,56,4,0
7,98,4,1
1,32,9,0
6,32,1,0
4,85,1,0
10,78,2,1
0,36,7,0
4,32,7,0
6,78,0,0
3,41,6,0
2,95,5,0
3,71,5,0
2,35,1,0
3,31,8,0
6,33,6,0
8,79,0,1
6,31,3,0
7,87,0,0
2,33,4,0
9,33,0,0
1,58,10,0
1,93,3,0
9,43,7,1
2,34,3,0
10,54,6,1
6,89,10,1
10,51,4,1
5,49,2,0
3,99,1,0
8,30,5,1
2,36,5,0
7,42,2,0
4,46,2,0
2,53,0,0
5,41,3,0
9,55,5,1
3,40,8,0
10,92,2,1
7,41,9,1
6,66,0,0
7,35,8,0
10,87,5,1
10,77,2,1
4,43,10,0
1,53,4,0
1,49,8,0
1,45,6,0
10,56,6,1
1,78,7,0
10,38,6,1
9,88,4,1
5,30,8,0
8,44,4,0
2,59,4,0
9,88,0,1
6,30,8,0
4,56,9,0
1,31,7,0
5,37,3,0
0,73,5,0
8,65,3,1
9,89,10,1
3,48,8,0
6,97,2,1
6,36,0,0
1,61,0,0
0,40,3,0
10,39,8,1
10,68,3,1
1,100,10,0
0,53,7,0
8,51,9,1
0,64,3,0
4,33,7,0
3,32,7,0
1,43,6,0
10,93,8,1
10,38,1,0
8,59,3,0
4,43,1,0
1,35,9,0
8,31,2,0
8,31,6,0
7,38,1,0
7,98,2,1
5,75,10,0
5,63,1,0
7,45,10,1
7,100,0,0
2,37,9,0
2,69,8,0
2,89,6,0
10,77,0,1
7,40,8,0
4,53,7,0
0,46,5,0
7,49,1,1
1,35,0,0
8,33,6,1
4,86,2,1
2,42,8,0
1,90,8,0
7,79,1,1
7,39,5,0
0,99,8,0
2,43,2,0
10,42,0,0
8,98,3,1
10,79,4,1
10,88,0,1
0,69,6,0
10,78,6,1
9,71,0,1
6,63,3,1
2,68,1,0
4,46,4,0
4,96,9,1
10,40,0,1
10,39,0,0
1,43,10,0
9,92,4,1
9,61,2,1
0,53,5,0
1,44,1,0
2,77,2,0
10,51,5,1
5,82,2,0
3,54,2,0
8,85,3,1
3,49,3,0
0,43,10,0
0,85,5,0
3,89,6,1
1,89,7,0
4,63,9,1
2,32,4,0
1,97,0,0
5,40,8,0
8,34,3,0
1,40,1,0
9,84,0,1
4,77,10,1
10,42,5,1
10,66,6,1
10,73,5,1
5,73,2,0
1,40,3,0
9,43,3,0
1,67,7,0
0,60,5,0
1,35,1,0
9,42,5,1
10,93,10,1
4,91,10,1
10,41,0,1
0,52,10,0
4,42,8,0
8,79,3,1
2,97,4,0
2,85,0,0
9,31,8,1
10,38,3,1
6,59,0,0
6,35,3,0
4,81,2,0
4,54,1,0
0,86,5,0
9,36,0,0
3,98,7,0
5,36,2,0
8,30,6,1
5,67,2,0
0,37,5,0
6,56,8,1
5,50,0,0
10,80,1,1
8,86,2,1
4,60,7,0
0,68,3,0
9,52,4,1
1,50,3,0
4,42,6,0
3,37,0,0
1,43,3,0
8,90,3,1
4,86,10,1
0,52,1,0
8,30,0,0
0,55,9,0
4,57,10,0
1,50,0,0
5,60,9,1
8,43,0,0
2,60,4,0
2,60,0,0
10,92,1,1
9,58,3,0
7,44,1,0
1,37,9,0
5,64,2,0
6,39,0,0
10,33,3,0
2,43,0,0
2,31,1,0
0,81,3,0
2,45,4,0
8,34,2,0
7,32,3,0
9,38,10,1
4,66,3,0
9,73,2,1
3,58,10,0
7,47,5,1
5,32,4,0
2,57,1,0
3,77,10,1
9,77,2,1
10,52,8,1
3,68,10,0
0,38,4,0
2,37,7,0
10,70,6,1
10,49,8,1
10,43,8,1
7,66,3,1
2,78,7,0
10,92,3,1
4,45,9,0
0,81,4,0
7,30,9,0
3,75,7,0
2,48,9,0
3,96,0,0
10,98,0,1
1,98,0,0
9,34,3,1
10,52,9,1
6,34,6,0
10,40,8,1
3,92,9,1
4,41,5,0
0,89,8,0
0,72,7,0
0,46,1,0
0,40,0,0
1,34,1,0
2,48,1,0
7,77,2,0
1,55,7,0
4,35,10,0
8,90,5,1
0,61,3,0
8,96,3,1
3,99,5,0
1,55,10,0
5,33,8,0
8,32,2,0
0,43,7,0
0,87,10,0
3,33,9,0
10,64,2,1
2,76,8,0
7,31,7,1
7,30,2,0
10,45,5,1
10,90,8,1
9,68,1,1
4,81,0,0
9,57,8,1
1,74,2,0
5,91,10,1
2,45,2,0
0,78,0,0
10,45,8,1
0,69,5,0
1,52,3,0
1,48,2,0
5,94,9,1
2,43,8,0
9,32,10,1
4,30,4,0
1,52,5,0
0,37,3,0
6,50,2,0
0,69,7,0
0,37,4,0
10,34,7,1
5,30,5,0
2,50,8,0
9,51,7,1
1,89,4,0
10,88,9,1
10,90,3,1
10,80,3,1
1,50,9,0
9,33,5,1
9,70,5,1
2,65,0,0
4,39,10,0
7,36,6,1
6,43,2,0
3,75,2,0
9,35,3,0
7,70,2,1
3,61,3,0
5,32,6,0
6,39,2,0
7,45,4,0
10,70,1,1
7,96,7,1
9,76,3,1
1,80,9,0
7,91,1,1
1,56,2,0
6,54,10,1
10,55,10,1
2,38,5,0
7,48,10,1
1,74,9,0
9,78,0,1
6,72,1,1
7,85,1,0
4,32,0,0
4,35,4,0
4,95,1,0
9,95,6,1
0,94,7,0
4,94,1,0
0,57,3,0
9,65,8,1
4,38,7,0
2,53,8,0
3,74,5,0
0,97,8,0
8,67,1,0
10,96,9,1
3,38,4,0
2,46,2,0
0,96,0,0
10,85,1,1
0,74,7,0
10,66,0,1
10,99,6,1
0,43,2,0
10,41,2,0
2,61,10,0
10,35,8,1
10,45,7,1
8,97,4,1
0,47,1,0
9,97,9,1
0,97,7,0
10,96,5,1
10,78,4,1
1,94,8,1
8,94,8,1
9,81,6,1
7,68,0,0
4,70,8,1
7,31,1,0
2,66,0,0
5,42,2,0
8,51,6,1
5,31,2,0
9,45,7,1
9,61,7,1
0,90,1,0
2,30,4,0
10,50,8,1
5,95,7,1
2,59,10,0
1,43,2,0
7,42,9,1
1,68,1,0
5,90,0,1
7,69,0,0
7,57,6,1
10,63,4,1
0,43,5,0
2,47,8,0
9,95,1,1
1,51,2,0
2,76,6,0
10,97,9,1
0,54,3,0
8,90,0,1
8,34,6,1
5,48,4,0
5,66,9,0
2,60,2,0
9,61,3,1
10,40,10,1
7,91,0,0
3,63,3,0
2,35,2,0
6,83,3,1
6,88,1,0
10,54,9,1
3,79,2,0
8,92,2,1
4,56,5,0
2,43,6,0
10,50,7,1
0,32,1,0
7,45,1,0
2,73,1,0
4,40,5,0
9,77,6,1
1,50,10,0
0,38,10,0
5,99,0,0
9,56,1,0
8,43,5,0
8,91,0,1
0,60,6,0
8,56,1,0
0,49,3,0
4,100,0,1
6,56,0,0
7,60,10,1
5,81,0,0
10,98,8,1
9,96,4,1
3,60,9,0
10,31,0,0
5,93,9,1
9,35,6,1
2,39,3,0
9,34,7,1
7,37,7,0
5,33,7,0
1,44,9,0
10,72,0,1
8,55,7,1
4,90,4,1
9,31,3,0
9,45,8,1
0,44,3,0
9,39,8,1
8,80,6,1
2,95,10,1
5,46,2,0
5,99,9,1
9,69,4,1
8,60,4,1
9,40,7,1
6,45,0,0
3,38,1,0
2,97,9,1
1,37,3,0
5,54,1,0
9,59,2,1
3,45,9,0
3,97,2,0
0,80,10,0
1,38,10,0
8,36,6,1
5,61,1,0
0,48,2,0
5,30,0,0
10,33,9,1
9,62,3,1
0,76,5,0
10,94,6,1
3,63,2,0
7,89,3,1
3,88,9,1
2,34,10,0
8,60,3,1
10,69,2,1
6,30,10,1
4,76,9,0
7,56,1,0
9,42,8,1
0,53,1,0
0,67,8,0
4,64,6,0
9,97,8,1
9,47,1,0
8,64,9,1
7,40,3,0
8,53,1,1
10,32,1,1
0,97,9,0
8,39,5,0
7,33,9,0
0,30,9,0
0,91,7,0
7,97,10,1
8,71,3,1
0,85,9,0
5,98,9,1
4,33,4,0
1,92,8,0
2,55,9,0
3,41,3,0
4,81,9,0
3,72,7,0
4,32,3,0
6,59,9,1
7,89,0,1
1,63,5,0
0,94,5,0
10,96,2,1
10,59,8,1
9,90,1,1
5,30,4,0
6,73,2,1
2,48,3,0
0,56,7,0
9,51,4,1
1,91,2,0
7,46,1,0
10,82,1,1
4,99,1,0
0,46,3,0
9,57,1,1
1,46,0,0
0,53,0,0
4,44,0,0
7,72,1,0
10,71,3,1
0,51,5,0
10,66,10,1
0,34,1,0
1,100,4,0
7,37,6,0
8,44,1,0
3,97,1,0
0,79,6,0
8,59,2,1
9,97,6,1
1,94,0,0
0,99,9,0
8,80,10,1
2,38,2,0
6,84,0,1
10,59,5,1
10,87,1,1
2,68,10,0
9,50,6,1
10,40,5,1
4,39,4,0
9,30,1,1
7,46,6,0
2,37,2,0
2,53,9,0
4,44,9,0
9,41,4,0
3,35,5,0
1,52,1,0
2,75,9,0
0,90,5,0
10,35,0,1
2,57,10,0
9,39,2,1
7,43,7,1
4,42,0,0
0,48,1,0
3,63,7,0
10,67,6,1
0,89,9,0
6,47,7,0
2,81,2,0
6,30,4,0
8,50,9,1
9,32,1,0
6,41,2,0
0,57,0,0
1,41,1,0
9,96,1,1
10,74,7,1
8,36,2,0
1,79,10,0
4,33,10,0
7,55,1,1
5,31,5,0
1,75,5,0
1,99,8,0
1,47,10,0
0,64,8,0
1,35,4,0
3,37,4,0
7,39,1,0
4,89,7,0
0,100,7,0
1,63,2,0
4,78,10,1
8,42,0,0
2,57,9,0
3,76,0,0
1,50,5,0
7,70,1,0
9,64,3,1
6,94,4,1
6,86,3,0
0,60,8,0
0,45,10,0
9,82,1,1
6,46,10,1
0,30,7,0
9,44,8,1
10,78,10,1
0,54,10,0
0,30,5,0
3,88,2,0
2,32,0,0
1,57,2,0
0,31,5,0
9,74,1,1
4,62,10,0
9,38,5,1
10,37,6,1
1,47,1,0
0,86,0,0
4,94,2,0
7,70,3,1
0,48,7,0
9,75,1,1
2,49,0,0
9,42,4,1
2,72,9,0
10,74,6,1
7,71,10,1
6,68,0,0
7,30,1,0
10,38,4,0
9,31,9,1
0,43,0,0
8,84,0,0
10,34,1,0
10,88,8,1
4,97,10,1
6,63,2,0
7,74,1,0
1,65,3,0
3,51,4,0
1,51,8,0
3,97,10,1
2,38,10,0
10,95,7,1
5,87,10,1
1,55,6,0
8,41,2,0
2,64,10,0
2,71,0,0
8,50,8,1
0,57,6,0
5,31,3,0
4,76,0,0
4,58,0,0
3,76,8,1
6,73,1,0
4,32,1,0
9,64,6,1
2,34,4,0
9,30,10,1
0,49,7,0
7,41,1,0
3,84,10,1
5,47,2,0
5,96,9,1
6,77,3,0
9,98,8,1
1,71,10,0
2,53,2,0
4,39,6,0
7,94,0,1
1,62,8,0
9,39,9,1
1,63,9,0
2,45,3,0
0,85,4,0
8,62,6,1
10,91,7,1
8,100,3,1
4,34,10,0
4,80,9,1
1,92,0,0
9,78,5,1
6,51,5,0
10,82,9,1
1,93,7,0
8,42,9,1
8,61,3,0
10,47,9,1
3,51,5,0
7,97,1,1
6,88,2,1
2,37,6,0
7,64,1,1
10,64,7,1
2,54,0,0
0,85,0,0
2,41,5,0
3,56,10,0
0,99,5,0
0,97,4,0
4,31,5,0
8,91,1,1
8,44,9,1
5,98,10,1
9,78,1,1
4,45,10,0
0,31,3,0
10,100,5,1
10,31,2,0
9,99,5,1
10,72,3,1
3,39,9,0
10,92,9,1
9,34,10,1
5,54,4,0
1,94,4,0
1,48,0,0
5,58,2,0
0,43,3,0
8,52,6,1
10,73,6,1
10,41,1,0
3,91,6,0
5,41,1,0
3,99,9,1
2,58,5,0
0,34,0,0
1,62,10,0
9,46,6,1
2,72,6,0
10,100,3,1
10,32,6,1
0,38,3,0
7,91,5,1
9,54,3,0
3,49,7,0
4,98,10,1
1,40,7,0
1,84,3,0
1,76,7,0
3,31,7,0
8,35,0,0
0,59,10,0
8,80,2,0
0,61,0,0
10,46,5,1
3,49,5,0
1,54,5,0
5,89,10,1
7,30,4,0
10,44,4,1
10,46,8,1
0,50,10,0
3,71,8,0
3,43,7,0
9,40,3,1
9,66,3,1
5,53,3,0
7,93,4,1
4,55,10,1
9,59,5,1
4,66,9,0
9,91,3,1
1,91,4,0
6,92,2,1
10,45,9,1
6,58,1,0
3,55,10,0
3,98,6,1
7,97,8,1
8,81,9,1
10,35,7,1
9,61,0,0
3,32,9,0
7,37,1,0
5,37,0,0
10,41,9,1
7,35,5,1
10,100,0,1
8,67,3,1
9,68,3,1
9,37,1,1
8,60,0,0
5,44,10,0
4,93,2,0
10,96,8,1
1,53,6,0
0,69,0,0
2,79,7,0
7,74,3,1
0,66,4,0
4,55,2,0
10,62,5,1
2,60,5,0
2,62,1,0
8,58,1,0
6,42,6,0
0,33,9,0
9,81,2,1
9,56,3,1
1,69,10,0
10,93,9,1
7,61,2,0
3,69,0,0
10,35,9,1
5,34,2,0
9,70,2,1
8,33,4,1
9,45,3,1
0,79,2,0
6,68,2,0
1,59,5,0
6,89,3,1
2,91,0,0
8,78,0,0
3,55,2,0
1,35,7,0
1,79,4,0
7,87,4,1
6,40,10,0
9,99,8,1
7,37,0,0
0,81,8,0
1,48,1,0
3,98,10,1
3,90,0,0
6,36,10,0
5,31,10,0
4,44,2,0
6,56,9,1
2,94,8,1
7,32,9,1
8,45,2,0
6,51,2,0
10,96,7,1
4,87,0,0
9,46,4,0
6,86,0,1
7,57,0,0
6,42,9,1
10,55,5,1
7,80,1,0
5,32,8,0
8,40,10,1
6,48,0,0
7,47,10,1
5,45,10,0
10,86,1,1
10,47,8,1
2,44,10,0
10,34,0,0
0,84,3,0
6,88,3,0
9,45,9,1
1,39,10,0
0,98,7,0
8,38,6,0
0,31,8,0
8,45,10,1
2,55,0,0
10,47,0,0
0,72,6,0
8,43,2,0
9,50,4,1
4,37,7,0
7,41,4,1
8,48,3,1
10,80,9,1
1,86,7,0
1,64,1,0
8,47,2,1
4,63,4,0
3,44,1,0
8,36,4,1
4,38,5,0
0,59,4,0
3,81,6,0
2,34,2,0
9,99,0,1
3,76,10,1
2,36,7,0
8,32,6,0
2,49,8,0
8,89,1,0
9,65,1,1
4,51,0,0
10,54,2,1
0,75,9,0
5,41,0,0
3,53,6,0
1,83,4,0
9,75,2,1
1,79,1,0
0,68,0,0
1,54,10,0
8,32,10,1
0,87,3,0
0,48,6,0
8,95,2,1
1,59,10,0
6,60,0,0
10,67,0,1
3,95,8,1
2,38,0,0
10,80,5,1
5,64,0,0
8,44,2,1
10,98,1,1
6,88,10,1
5,39,5,0
8,31,10,1
2,88,9,0
8,68,1,1
10,76,6,1
4,59,8,0
10,58,5,1
10,81,5,1
4,57,8,0
7,48,7,1
0,61,8,0
0,73,6,0
3,44,9,0
6,40,7,0
7,96,0,0
0,100,1,0
1,84,5,0
7,94,3,1
2,67,8,0
6,45,4,0
5,59,10,1
6,94,1,1
9,32,3,0
7,81,1,1
1,51,1,0
9,54,7,1
8,34,8,1
3,64,1,0
9,30,6,0
6,78,1,1
10,49,5,1
2,74,7,0
9,41,9,1
9,85,5,1
7,91,4,1
10,89,8,1
2,87,8,0
7,54,1,0
6,36,2,0
10,72,10,1
0,98,5,0
2,69,4,0
3,93,6,0
8,42,1,0
2,84,7,0
5,44,8,1
10,35,10,1
8,37,10,1
7,60,9,1
10,37,5,1
5,73,10,1
4,67,7,0
0,78,6,0
4,64,1,0
10,82,2,1
7,34,0,0
4,45,5,0
9,49,2,1
5,68,1,0
2,96,0,0
0,58,8,0
0,55,0,0
3,78,9,0
3,38,6,0
2,89,2,0
3,94,1,0
8,90,10,1
7,53,4,0
9,63,2,0
2,52,1,0
8,64,1,1
9,49,6,1
9,33,8,1
6,79,0,0
1,36,4,0
5,41,9,0
0,62,1,0
0,39,5,0
1,56,7,0
9,42,10,1
2,31,10,0
3,34,2,0
0,82,8,0
1,44,10,0
0,48,8,0
7,66,1,0
2,41,9,0
7,71,3,1
4,87,2,0
0,68,8,0
5,44,6,0
3,59,9,0
0,77,6,0
6,42,8,1
10,58,2,1
1,43,9,0
1,80,0,0
9,35,0,1
9,91,5,1
9,58,1,1
9,93,10,1
4,49,4,0
0,37,9,0
5,47,1,0
7,96,5,1
0,33,10,0
6,45,3,0
2,76,10,0
7,49,8,0
7,58,2,0
0,31,0,0
6,79,1,1
1,59,1,0
7,93,0,1
2,94,2,0
1,74,1,0
0,88,8,0
9,73,5,1
2,48,5,0
2,99,8,0
5,31,7,0
1,59,4,0
10,61,0,1
3,61,1,0
8,49,4,0
2,79,8,0
10,79,6,1
2,35,8,0
9,73,0,1
10,40,7,1
9,61,6,1
5,47,9,1
1,78,6,0
1,48,10,0
7,51,5,1
1,93,5,0
3,55,3,0
5,46,0,0
7,77,5,1
4,49,8,0
10,34,4,0
1,62,3,0
7,68,2,0
2,89,10,1
4,98,0,0
6,71,2,1
2,61,9,0
3,83,5,0
9,69,5,1
1,58,0,0
10,77,6,1
10,84,3,1
5,51,3,0
1,70,8,0
5,30,1,0
2,45,1,0
0,83,10,0
9,44,7,1
10,34,10,1
3,52,1,0
7,51,7,1
4,91,0,0
2,54,7,0
2,37,3,0
5,39,2,0
4,34,3,0
8,88,6,1
1,38,8,0
3,58,0,0
7,32,8,0
10,57,1,1
7,51,2,0
7,41,6,1
0,42,7,0
8,88,1,1
1,84,1,0
5,44,7,0
7,36,1,0
0,47,6,0
4,42,2,0
10,61,5,1
10,40,9,1
2,81,9,0
6,37,9,0
1,71,0,0
2,93,9,0
3,78,8,1
0,70,4,0
0,48,4,0
10,98,5,1
2,42,6,0
6,99,1,0
4,75,1,0
10,86,2,1
2,73,9,0
2,45,5,0
9,51,3,1
4,42,4,0
6,45,7,1
4,78,2,0
2,35,7,0
0,92,10,0
2,99,10,1
0,49,6,0
0,42,2,0
0,93,3,0
8,97,5,1
10,62,6,1
10,64,4,1
9,43,2,1
0,60,4,0
0,84,10,0
7,82,0,1
10,79,9,1
5,46,5,0
10,48,0,1
7,40,7,0
2,64,3,0
5,98,1,1
6,40,6,0
2,43,7,0
2,54,5,0
7,62,10,1
10,100,4,1
1,42,9,0
10,32,3,1
8,81,0,1
3,54,3,0
7,100,1,1
7,44,3,0
3,42,1,0
10,68,5,1
9,36,6,1
0,57,1,0
7,62,9,1
9,70,3,1
10,50,4,1
5,93,1,1
6,99,9,1
7,78,2,0
4,34,2,0
5,89,0,1
0,96,9,0
10,42,10,1
7,78,3,1
7,83,2,1
1,36,7,0
4,56,4,0
6,75,10,1
1,38,7,0
4,62,1,0
8,84,1,1
2,59,6,0
6,61,9,1
6,51,4,0
8,45,8,1
0,52,5,0
7,36,8,1
6,31,5,0
5,35,4,0
9,48,1,0
7,75,0,0
3,41,5,0
9,59,3,1
3,32,5,0
1,33,1,0
9,65,4,1
8,81,4,1
2,90,9,0
5,34,5,0
2,87,6,0
8,34,7,1
3,47,0,0
0,63,10,0
10,43,5,1
2,35,5,0
3,53,9,0
7,88,1,0
9,54,1,1
10,97,1,1
9,46,0,1
6,50,1,0
7,43,8,0
3,53,10,0
3,41,0,0
6,64,5,0
1,39,2,0
0,51,8,0
0,56,5,0
5,91,0,0
5,51,9,0
5,32,9,0
0,100,10,0
0,55,5,0
4,79,9,1
8,94,4,1
2,78,0,0
8,55,0,0
5,70,1,0
4,40,2,0
6,51,0,0
6,60,8,0
1,68,7,0
4,99,6,1
0,58,4,0
0,81,10,0
5,74,0,0
10,87,6,1
6,53,7,0
0,63,7,0
7,100,2,1
8,75,6,1
1,53,1,0
5,49,9,0
8,48,5,1
8,86,0,1
2,53,5,0
0,90,6,0
0,86,4,0
3,79,0,0
7,75,1,0
0,72,2,0
10,90,5,1
0,36,5,0
8,59,0,0
3,31,10,0
6,59,1,0
3,84,5,0
0,99,7,0
10,66,5,1
8,33,3,0
1,76,1,0
8,39,3,0
10,60,3,1
3,74,7,0
2,94,0,0
4,99,9,1
3,60,8,0
2,74,0,0
9,65,2,1
0,65,10,0
0,47,8,0
3,78,1,0
1,91,3,0
5,34,8,0
0,95,2,0
6,41,4,0
5,96,2,0
1,50,7,0
0,53,2,0
9,86,6,1
0,59,6,0
1,71,5,0
10,31,3,1
6,62,0,0
5,35,1,0
1,60,0,0
7,86,5,1
3,56,0,0
6,43,9,0
5,48,8,1
7,90,10,1
2,35,6,0
8,76,2,1
9,66,1,1
4,33,3,0
3,50,0,0
1,44,3,0
6,72,10,1
9,47,2,0
5,58,1,0
6,52,0,0
2,72,7,0
9,88,1,1
9,41,10,1
8,63,0,0
10,36,5,1
10,71,0,1
5,66,6,0
0,82,6,0
9,78,2,1
10,70,7,1
6,44,2,0
3,69,9,0
7,51,4,0
3,60,2,0
1,33,10,0
7,35,7,1
8,38,1,0
4,46,1,0
1,61,8,0
4,35,5,0
10,72,2,1
10,39,5,1
0,88,5,0
10,93,7,1
1,69,2,0
2,97,5,0
7,48,1,0
3,95,7,0
8,31,7,1
10,50,6,1
9,86,0,1
5,34,4,0
2,50,7,0
1,92,4,0
3,31,4,0
4,38,6,0
9,63,0,1
0,56,1,0
8,98,6,1
10,73,2,1
0,52,2,0
5,56,5,0
2,64,7,0
7,75,3,1
7,42,4,0
4,32,10,0
0,47,10,0
0,36,6,0
8,46,5,1
0,62,10,0
5,32,5,0
0,35,7,0
4,85,7,0
2,73,2,0
0,82,9,0
0,97,6,0
7,80,3,1
4,64,0,0
9,47,7,1
1,53,2,0
4,80,10,0
1,63,6,0
3,33,3,0
7,40,6,0
0,88,6,0
8,89,3,1
5,88,0,0
3,52,8,0
1,76,8,0
10,80,7,1
0,90,10,0
0,42,1,0
2,46,6,0
0,45,4,0
8,39,0,0
0,65,5,0
8,39,10,1
5,92,2,0
7,42,1,0
9,57,4,1
5,79,3,1
3,52,9,0
0,68,10,0
9,71,7,1
2,34,0,0
7,47,7,1
9,51,0,0
2,69,0,0
8,68,0,0
4,37,3,0
0,72,9,0
9,67,6,1
0,78,8,0
9,56,6,1
7,51,0,0
1,90,7,0
10,85,3,1
4,34,9,0
4,56,0,0
0,77,9,0
9,87,0,1
9,68,7,1
2,30,7,0
6,81,10,1
1,61,2,0
7,92,1,0
7,50,7,1
0,83,1,0
6,76,1,1
3,89,9,1
8,53,5,1
3,44,7,0
0,52,6,0
6,34,3,0
0,51,2,0
0,95,10,0
8,33,2,0
2,59,1,0
0,40,1,0
2,31,5,0
2,91,8,1
9,82,0,1
8,96,4,1
1,45,4,0
10,53,0,0
9,77,5,1
7,48,0,0
8,58,9,1
10,92,4,1
0,96,6,0
1,65,6,0
3,30,8,0
2,37,4,0
10,47,3,1
10,42,8,1
5,44,9,0
8,53,8,1
6,77,2,0
1,82,9,0
5,87,8,1
5,89,1,0
10,74,2,1
0,63,4,0
7,63,1,0
1,57,5,0
8,99,7,1
8,63,2,0
1,59,8,0
3,36,6,0
4,39,5,0
8,65,1,1
9,55,9,1
10,56,3,1
3,99,2,1
10,36,10,1
4,38,0,0
8,62,3,1
4,90,9,1
9,93,1,1
5,59,1,0
3,96,9,0
10,98,6,1
3,83,8,1
2,92,1,0
0,93,1,0
0,41,4,0
4,75,2,0
8,94,5,1
10,74,4,1
5,62,1,0
8,31,3,0
8,92,1,1
1,97,5,0
1,34,3,0
10,61,4,1
9,32,5,1
0,50,0,0
10,63,6,1
6,70,0,0
8,89,4,1
3,55,0,0
1,83,8,0
5,39,6,0
1,30,1,0
1,93,4,0
1,33,4,0
1,82,7,0
10,42,4,1
10,43,10,1
7,80,10,1
5,73,1,0
10,37,3,0
7,94,2,1
0,95,4,0
0,96,2,0
1,41,3,0
10,46,0,0
2,56,6,0
5,41,2,0
5,31,0,0
6,47,5,0
10,70,2,1
1,71,7,0
2,43,4,0
0,55,4,0
6,84,2,1
6,89,0,0
6,55,5,0
0,38,7,0
6,38,6,0
5,38,9,1
8,87,4,1
4,37,0,0
5,82,3,0
0,36,10,0
4,92,2,0
0,85,3,0
9,90,7,1
0,59,5,0
1,36,6,0
10,81,0,1
6,100,0,0
6,92,3,1
2,38,1,0
1,54,9,0
9,31,7,0
5,99,3,0
9,82,6,1
2,52,10,0
0,54,9,0
6,70,2,1
8,43,1,0
9,94,10,1
3,35,10,0
1,66,9,0
5,90,8,1
9,89,8,1
2,82,8,0
10,60,7,1
7,91,2,1
2,55,8,0
7,52,1,0
10,95,5,1
9,58,4,1
0,42,4,0
1,36,10,0
7,78,6,1
4,33,0,0
1,88,7,0
0,74,2,0
3,34,1,0
1,60,4,0
0,72,3,0
7,36,4,0
7,34,10,1
7,77,1,0
9,69,0,1
5,36,10,0
9,75,4,1
5,83,0,0
6,35,1,0
4,41,7,0
10,69,0,1
1,51,10,0
0,51,0,0
4,33,9,0
